{
  "best_global_step": 13000,
  "best_metric": 0.6405861973762512,
  "best_model_checkpoint": "/content/drive/MyDrive/184a/project/LR_1e4_output/checkpoint-13000",
  "epoch": 4.180064308681672,
  "eval_steps": 500,
  "global_step": 13000,
  "is_hyper_param_search": false,
  "is_local_process_zero": true,
  "is_world_process_zero": true,
  "log_history": [
    {
      "epoch": 0.1607717041800643,
      "grad_norm": 4.565014839172363,
      "learning_rate": 9.679099678456593e-05,
      "loss": 1.616,
      "step": 500
    },
    {
      "epoch": 0.1607717041800643,
      "eval_accuracy": 0.5909967845659164,
      "eval_loss": 1.1421616077423096,
      "eval_runtime": 400.7923,
      "eval_samples_per_second": 7.76,
      "eval_steps_per_second": 0.971,
      "step": 500
    },
    {
      "epoch": 0.3215434083601286,
      "grad_norm": 5.610694885253906,
      "learning_rate": 9.357556270096464e-05,
      "loss": 1.308,
      "step": 1000
    },
    {
      "epoch": 0.3215434083601286,
      "eval_accuracy": 0.6331189710610933,
      "eval_loss": 0.9922681450843811,
      "eval_runtime": 394.6504,
      "eval_samples_per_second": 7.88,
      "eval_steps_per_second": 0.986,
      "step": 1000
    },
    {
      "epoch": 0.48231511254019294,
      "grad_norm": 3.081580400466919,
      "learning_rate": 9.036012861736335e-05,
      "loss": 1.2056,
      "step": 1500
    },
    {
      "epoch": 0.48231511254019294,
      "eval_accuracy": 0.6688102893890675,
      "eval_loss": 0.9204987287521362,
      "eval_runtime": 394.1524,
      "eval_samples_per_second": 7.89,
      "eval_steps_per_second": 0.987,
      "step": 1500
    },
    {
      "epoch": 0.6430868167202572,
      "grad_norm": 7.122855186462402,
      "learning_rate": 8.714469453376206e-05,
      "loss": 1.1079,
      "step": 2000
    },
    {
      "epoch": 0.6430868167202572,
      "eval_accuracy": 0.6874598070739549,
      "eval_loss": 0.8660333752632141,
      "eval_runtime": 395.5091,
      "eval_samples_per_second": 7.863,
      "eval_steps_per_second": 0.984,
      "step": 2000
    },
    {
      "epoch": 0.8038585209003215,
      "grad_norm": 6.356194019317627,
      "learning_rate": 8.392926045016078e-05,
      "loss": 1.0853,
      "step": 2500
    },
    {
      "epoch": 0.8038585209003215,
      "eval_accuracy": 0.7093247588424437,
      "eval_loss": 0.816040575504303,
      "eval_runtime": 396.3873,
      "eval_samples_per_second": 7.846,
      "eval_steps_per_second": 0.981,
      "step": 2500
    },
    {
      "epoch": 0.9646302250803859,
      "grad_norm": 6.6719441413879395,
      "learning_rate": 8.071382636655949e-05,
      "loss": 1.033,
      "step": 3000
    },
    {
      "epoch": 0.9646302250803859,
      "eval_accuracy": 0.7228295819935692,
      "eval_loss": 0.786136269569397,
      "eval_runtime": 396.3091,
      "eval_samples_per_second": 7.847,
      "eval_steps_per_second": 0.982,
      "step": 3000
    },
    {
      "epoch": 1.1254019292604502,
      "grad_norm": 10.376891136169434,
      "learning_rate": 7.74983922829582e-05,
      "loss": 0.9699,
      "step": 3500
    },
    {
      "epoch": 1.1254019292604502,
      "eval_accuracy": 0.717363344051447,
      "eval_loss": 0.7956510186195374,
      "eval_runtime": 395.4543,
      "eval_samples_per_second": 7.864,
      "eval_steps_per_second": 0.984,
      "step": 3500
    },
    {
      "epoch": 1.2861736334405145,
      "grad_norm": 6.505360126495361,
      "learning_rate": 7.428295819935691e-05,
      "loss": 0.9496,
      "step": 4000
    },
    {
      "epoch": 1.2861736334405145,
      "eval_accuracy": 0.72508038585209,
      "eval_loss": 0.7536782622337341,
      "eval_runtime": 397.1589,
      "eval_samples_per_second": 7.831,
      "eval_steps_per_second": 0.979,
      "step": 4000
    },
    {
      "epoch": 1.4469453376205788,
      "grad_norm": 5.836909294128418,
      "learning_rate": 7.106752411575564e-05,
      "loss": 0.9548,
      "step": 4500
    },
    {
      "epoch": 1.4469453376205788,
      "eval_accuracy": 0.7318327974276527,
      "eval_loss": 0.7366202473640442,
      "eval_runtime": 393.7487,
      "eval_samples_per_second": 7.898,
      "eval_steps_per_second": 0.988,
      "step": 4500
    },
    {
      "epoch": 1.607717041800643,
      "grad_norm": 7.765742778778076,
      "learning_rate": 6.785209003215435e-05,
      "loss": 0.9,
      "step": 5000
    },
    {
      "epoch": 1.607717041800643,
      "eval_accuracy": 0.7360128617363344,
      "eval_loss": 0.7211917042732239,
      "eval_runtime": 395.8449,
      "eval_samples_per_second": 7.857,
      "eval_steps_per_second": 0.983,
      "step": 5000
    },
    {
      "epoch": 1.7684887459807075,
      "grad_norm": 6.642361164093018,
      "learning_rate": 6.463665594855307e-05,
      "loss": 0.8886,
      "step": 5500
    },
    {
      "epoch": 1.7684887459807075,
      "eval_accuracy": 0.7266881028938906,
      "eval_loss": 0.7550119757652283,
      "eval_runtime": 396.4614,
      "eval_samples_per_second": 7.844,
      "eval_steps_per_second": 0.981,
      "step": 5500
    },
    {
      "epoch": 1.9292604501607717,
      "grad_norm": 5.479312896728516,
      "learning_rate": 6.142122186495178e-05,
      "loss": 0.905,
      "step": 6000
    },
    {
      "epoch": 1.9292604501607717,
      "eval_accuracy": 0.7331189710610932,
      "eval_loss": 0.7250741124153137,
      "eval_runtime": 397.3177,
      "eval_samples_per_second": 7.827,
      "eval_steps_per_second": 0.979,
      "step": 6000
    },
    {
      "epoch": 2.090032154340836,
      "grad_norm": 8.394553184509277,
      "learning_rate": 5.8205787781350484e-05,
      "loss": 0.9022,
      "step": 6500
    },
    {
      "epoch": 2.090032154340836,
      "eval_accuracy": 0.7334405144694534,
      "eval_loss": 0.71503746509552,
      "eval_runtime": 394.8009,
      "eval_samples_per_second": 7.877,
      "eval_steps_per_second": 0.985,
      "step": 6500
    },
    {
      "epoch": 2.2508038585209005,
      "grad_norm": 6.776558876037598,
      "learning_rate": 5.49903536977492e-05,
      "loss": 0.8383,
      "step": 7000
    },
    {
      "epoch": 2.2508038585209005,
      "eval_accuracy": 0.7356913183279743,
      "eval_loss": 0.7122213244438171,
      "eval_runtime": 392.8416,
      "eval_samples_per_second": 7.917,
      "eval_steps_per_second": 0.99,
      "step": 7000
    },
    {
      "epoch": 2.4115755627009645,
      "grad_norm": 8.198594093322754,
      "learning_rate": 5.177491961414791e-05,
      "loss": 0.8136,
      "step": 7500
    },
    {
      "epoch": 2.4115755627009645,
      "eval_accuracy": 0.7408360128617363,
      "eval_loss": 0.7091456055641174,
      "eval_runtime": 394.4288,
      "eval_samples_per_second": 7.885,
      "eval_steps_per_second": 0.986,
      "step": 7500
    },
    {
      "epoch": 2.572347266881029,
      "grad_norm": 4.681221961975098,
      "learning_rate": 4.855948553054663e-05,
      "loss": 0.8397,
      "step": 8000
    },
    {
      "epoch": 2.572347266881029,
      "eval_accuracy": 0.7482315112540193,
      "eval_loss": 0.6775778532028198,
      "eval_runtime": 396.1383,
      "eval_samples_per_second": 7.851,
      "eval_steps_per_second": 0.982,
      "step": 8000
    },
    {
      "epoch": 2.733118971061093,
      "grad_norm": 12.051593780517578,
      "learning_rate": 4.534405144694534e-05,
      "loss": 0.8321,
      "step": 8500
    },
    {
      "epoch": 2.733118971061093,
      "eval_accuracy": 0.7443729903536977,
      "eval_loss": 0.6945129036903381,
      "eval_runtime": 396.1667,
      "eval_samples_per_second": 7.85,
      "eval_steps_per_second": 0.982,
      "step": 8500
    },
    {
      "epoch": 2.8938906752411575,
      "grad_norm": 5.353395462036133,
      "learning_rate": 4.2128617363344054e-05,
      "loss": 0.8117,
      "step": 9000
    },
    {
      "epoch": 2.8938906752411575,
      "eval_accuracy": 0.7508038585209004,
      "eval_loss": 0.666266143321991,
      "eval_runtime": 397.9254,
      "eval_samples_per_second": 7.816,
      "eval_steps_per_second": 0.978,
      "step": 9000
    },
    {
      "epoch": 3.054662379421222,
      "grad_norm": 6.494656562805176,
      "learning_rate": 3.891318327974277e-05,
      "loss": 0.7828,
      "step": 9500
    },
    {
      "epoch": 3.054662379421222,
      "eval_accuracy": 0.7565916398713827,
      "eval_loss": 0.6849440336227417,
      "eval_runtime": 402.3146,
      "eval_samples_per_second": 7.73,
      "eval_steps_per_second": 0.967,
      "step": 9500
    },
    {
      "epoch": 3.215434083601286,
      "grad_norm": 5.8038225173950195,
      "learning_rate": 3.5697749196141486e-05,
      "loss": 0.7821,
      "step": 10000
    },
    {
      "epoch": 3.215434083601286,
      "eval_accuracy": 0.7482315112540193,
      "eval_loss": 0.6716205477714539,
      "eval_runtime": 397.5392,
      "eval_samples_per_second": 7.823,
      "eval_steps_per_second": 0.979,
      "step": 10000
    },
    {
      "epoch": 3.3762057877813505,
      "grad_norm": 7.047778606414795,
      "learning_rate": 3.24823151125402e-05,
      "loss": 0.7732,
      "step": 10500
    },
    {
      "epoch": 3.3762057877813505,
      "eval_accuracy": 0.7459807073954984,
      "eval_loss": 0.676887571811676,
      "eval_runtime": 398.8115,
      "eval_samples_per_second": 7.798,
      "eval_steps_per_second": 0.975,
      "step": 10500
    },
    {
      "epoch": 3.536977491961415,
      "grad_norm": 10.730664253234863,
      "learning_rate": 2.926688102893891e-05,
      "loss": 0.7118,
      "step": 11000
    },
    {
      "epoch": 3.536977491961415,
      "eval_accuracy": 0.7533762057877813,
      "eval_loss": 0.6758648753166199,
      "eval_runtime": 419.4371,
      "eval_samples_per_second": 7.415,
      "eval_steps_per_second": 0.927,
      "step": 11000
    },
    {
      "epoch": 3.697749196141479,
      "grad_norm": 9.667795181274414,
      "learning_rate": 2.605144694533762e-05,
      "loss": 0.7461,
      "step": 11500
    },
    {
      "epoch": 3.697749196141479,
      "eval_accuracy": 0.7581993569131833,
      "eval_loss": 0.6582375764846802,
      "eval_runtime": 417.693,
      "eval_samples_per_second": 7.446,
      "eval_steps_per_second": 0.931,
      "step": 11500
    },
    {
      "epoch": 3.8585209003215435,
      "grad_norm": 9.495678901672363,
      "learning_rate": 2.2836012861736337e-05,
      "loss": 0.7104,
      "step": 12000
    },
    {
      "epoch": 3.8585209003215435,
      "eval_accuracy": 0.7514469453376206,
      "eval_loss": 0.6739590764045715,
      "eval_runtime": 418.9622,
      "eval_samples_per_second": 7.423,
      "eval_steps_per_second": 0.928,
      "step": 12000
    },
    {
      "epoch": 4.019292604501608,
      "grad_norm": 11.984850883483887,
      "learning_rate": 1.962057877813505e-05,
      "loss": 0.6969,
      "step": 12500
    },
    {
      "epoch": 4.019292604501608,
      "eval_accuracy": 0.7530546623794212,
      "eval_loss": 0.663145124912262,
      "eval_runtime": 419.1919,
      "eval_samples_per_second": 7.419,
      "eval_steps_per_second": 0.928,
      "step": 12500
    },
    {
      "epoch": 4.180064308681672,
      "grad_norm": 10.467781066894531,
      "learning_rate": 1.6405144694533762e-05,
      "loss": 0.7425,
      "step": 13000
    },
    {
      "epoch": 4.180064308681672,
      "eval_accuracy": 0.7594855305466238,
      "eval_loss": 0.6405861973762512,
      "eval_runtime": 417.7015,
      "eval_samples_per_second": 7.446,
      "eval_steps_per_second": 0.931,
      "step": 13000
    }
  ],
  "logging_steps": 500,
  "max_steps": 15550,
  "num_input_tokens_seen": 0,
  "num_train_epochs": 5,
  "save_steps": 500,
  "stateful_callbacks": {
    "EarlyStoppingCallback": {
      "args": {
        "early_stopping_patience": 3,
        "early_stopping_threshold": 0.0
      },
      "attributes": {
        "early_stopping_patience_counter": 0
      }
    },
    "TrainerControl": {
      "args": {
        "should_epoch_stop": false,
        "should_evaluate": false,
        "should_log": false,
        "should_save": true,
        "should_training_stop": false
      },
      "attributes": {}
    }
  },
  "total_flos": 2.374696742902825e+17,
  "train_batch_size": 8,
  "trial_name": null,
  "trial_params": null
}
